brand,processor,ram(GB),ssd(GB),hdd(GB),os,gpu,screen_size(inches),resolution(pixels),no_of_cores,no_of_threads,spec_score,price
14,10,8,512,0,4,123,15.6,7,2,4,62,33921
9,41,8,512,0,4,38,15.6,7,6,12,66,56150
14,10,8,256,1000,4,123,15.6,7,2,4,66,35499
3,105,8,512,0,4,102,16.0,1,6,12,66,48990
9,11,8,512,0,4,121,15.6,7,4,8,63,52990
14,11,8,256,1000,4,38,15.6,7,4,8,73,56700
12,20,16,512,0,4,148,15.6,7,14,20,65,87620
9,30,8,512,0,4,96,15.6,3,2,2,57,29212
6,15,8,512,0,4,140,15.6,7,6,8,61,44087
6,10,8,512,0,4,140,15.56,7,2,4,59,38800
3,109,16,512,0,4,38,15.6,7,8,16,68,65990
2,66,8,256,0,2,108,13.3,16,8,0,47,83900
9,15,8,512,0,4,140,15.6,7,6,8,60,46790
9,16,8,512,0,4,132,15.6,7,10,12,61,58530
6,16,8,512,0,4,140,15.6,7,10,12,55,57223
3,39,8,512,0,4,38,15.6,7,6,12,69,49990
9,34,8,256,0,4,91,15.6,7,2,4,57,28490
9,41,8,512,0,4,38,15.6,7,6,12,72,59800
18,11,8,512,0,4,134,14.0,4,4,8,61,49990
3,105,16,512,0,4,103,16.0,8,6,12,67,53990
2,67,8,256,0,2,77,13.6,18,8,0,48,107990
3,7,8,0,1000,4,140,14.0,7,2,4,51,29890
9,10,8,512,0,4,123,15.6,7,2,4,56,41900
14,40,8,512,0,4,96,15.6,7,6,12,60,38480
14,40,8,512,0,4,96,15.6,7,6,12,55,38489
14,70,4,256,0,4,98,14.0,7,2,4,41,18990
3,10,8,512,0,4,140,15.6,7,2,4,41,35978
9,16,8,512,0,4,38,15.6,7,8,12,73,69990
9,10,8,512,0,4,140,15.6,7,2,4,60,40880
3,39,8,512,0,4,38,17.3,7,6,12,67,52990
9,16,8,512,0,4,132,15.6,7,12,16,62,62990
9,35,8,512,0,4,96,15.6,7,4,8,59,37990
6,16,8,256,1000,4,134,15.6,7,10,12,53,57990
9,33,8,0,1000,4,96,14.0,7,2,4,59,27890
1,34,4,256,0,4,100,14.0,3,2,4,50,20990
1,16,8,512,0,4,46,15.6,7,12,16,74,64990
6,18,16,512,0,4,123,13.3,7,12,16,65,84918
15,99,8,512,0,4,31,15.6,7,6,12,68,47990
14,40,16,512,0,4,91,14.0,8,6,12,74,61100
9,16,8,512,0,4,38,15.6,7,8,12,71,67990
14,34,8,512,0,4,96,15.6,7,2,4,60,34300
3,16,16,512,0,4,131,15.6,7,12,16,65,73000
14,73,4,0,128,4,141,10.1,2,4,2,49,22999
12,7,8,256,0,4,123,14.0,7,2,4,44,37999
18,11,8,512,0,4,134,14.0,4,4,8,61,39990
12,18,16,512,0,4,121,15.6,7,14,20,63,64990
3,12,16,512,0,4,134,15.6,7,4,8,63,56799
14,41,8,512,0,4,38,15.6,7,6,12,69,55990
3,99,8,512,0,4,96,14.0,20,6,12,69,53000
9,16,16,512,0,4,121,14.0,7,10,12,68,73490
14,47,8,512,0,4,38,15.6,7,6,12,69,58490
3,115,16,512,0,4,40,15.6,7,8,16,69,58990
3,39,8,512,0,4,38,15.6,7,6,12,69,54990
9,41,8,512,0,4,46,15.6,7,6,12,72,67600
14,16,16,512,0,4,134,15.6,7,10,12,66,72490
1,16,16,512,0,4,45,15.6,7,12,16,69,62990
3,10,8,512,0,4,140,15.6,7,2,4,41,35325
9,16,16,512,0,4,117,14.0,7,10,12,57,63990
3,15,8,512,0,4,132,15.6,7,10,12,54,42300
14,16,8,512,0,4,154,15.6,7,10,12,55,58490
15,12,8,512,0,4,39,15.6,7,8,16,73,64000
3,18,16,1000,0,4,134,17.3,19,10,12,80,329990
17,11,16,512,0,4,121,14.1,7,4,8,62,40990
6,11,8,512,0,4,140,14.0,3,4,8,56,73740
1,104,8,512,0,4,97,15.6,7,4,8,56,52490
9,10,8,512,0,4,123,14.0,7,2,4,57,45500
19,16,8,512,0,4,123,15.6,7,10,12,60,67990
19,22,16,512,0,4,154,16.0,20,12,16,73,149990
19,22,16,512,0,4,154,14.0,20,12,16,72,139990
19,22,16,1000,0,4,154,14.0,20,12,16,74,155990
19,21,16,512,0,4,154,14.0,20,12,16,71,131990
19,21,16,512,0,4,134,15.6,7,12,16,71,114990
14,40,8,512,0,4,96,15.6,7,6,12,60,38490
19,21,16,512,0,4,134,13.3,7,10,12,67,109990
19,22,16,1000,0,4,134,13.3,7,10,12,69,133990
19,22,16,512,0,4,134,13.3,7,10,12,67,117990
19,21,16,512,0,4,134,16.0,20,12,16,75,155990
19,22,16,1000,0,4,154,16.0,20,12,16,74,165990
19,22,16,512,0,4,134,16.0,20,12,16,81,163990
19,22,16,512,0,4,134,15.6,7,12,16,73,122990
19,22,16,1000,0,4,134,16.0,20,12,16,82,179990
14,11,8,512,0,4,38,15.6,7,4,8,71,52900
1,34,8,256,0,4,96,14.0,3,2,4,53,25990
6,49,8,512,0,4,100,15.6,7,6,12,68,49441
1,15,8,512,0,4,134,15.6,7,6,8,54,39990
14,47,8,256,1000,4,38,15.6,7,6,12,73,56990
14,40,16,512,0,4,91,14.0,8,6,12,74,61590
9,98,16,512,0,4,96,15.6,7,6,12,63,49123
9,16,8,512,0,4,46,15.6,7,8,12,75,77990
3,55,16,512,0,4,49,15.6,7,8,16,80,96085
9,105,8,512,0,4,46,16.1,7,6,12,72,63990
3,8,8,512,0,4,38,15.6,7,4,8,63,54990
9,16,16,512,0,4,136,15.6,7,12,16,65,69990
19,18,16,512,0,4,134,15.6,0,8,16,74,129990
6,10,8,256,1000,4,140,15.6,7,2,4,56,37990
3,98,8,256,1000,4,93,15.6,7,6,12,65,47990
9,98,8,512,0,4,93,14.0,7,6,12,65,46058
16,8,8,256,0,4,123,12.4,5,4,8,55,67000
9,34,8,512,0,4,96,14.0,3,2,4,59,27989
14,16,8,256,0,4,145,14.0,7,10,12,62,49990
2,84,32,1000,0,2,29,16.2,26,12,0,66,349900
19,18,16,512,0,4,123,15.6,7,10,12,63,72990
3,11,8,512,0,4,15,15.6,7,4,8,54,45990
14,11,8,512,0,4,38,15.6,7,4,8,72,54990
3,12,16,512,0,4,123,14.0,7,4,8,69,56990
3,15,8,512,0,4,122,14.0,7,10,12,61,40990
9,35,8,512,0,4,96,14.0,3,4,8,61,32999
3,13,16,512,0,4,46,16.0,1,8,16,75,87990
1,18,16,1000,0,4,121,14.0,20,14,20,69,115999
6,16,8,512,0,4,134,14.0,3,10,12,59,108000
9,16,16,512,0,4,18,15.6,7,10,12,56,75070
16,16,8,256,0,4,134,13.0,21,10,12,51,99999
9,35,8,512,0,1,96,14.0,3,4,8,56,30020
9,55,16,512,0,4,79,16.1,7,8,16,81,108290
3,16,16,512,0,4,121,14.0,7,12,16,74,66990
9,91,8,256,0,4,140,14.0,3,4,4,51,30990
3,8,8,512,0,4,138,14.0,7,4,8,60,41990
3,73,4,0,32,0,124,11.6,3,2,2,0,15990
14,16,16,512,0,4,46,15.6,7,8,12,75,80990
1,20,16,1000,0,4,69,15.6,15,14,20,76,158990
1,10,8,512,0,4,123,15.6,7,2,4,50,33990
3,18,16,1000,0,4,69,16.0,28,14,20,88,198490
3,7,8,512,0,4,123,15.6,7,2,4,55,33575
15,99,8,512,0,4,31,15.6,7,6,12,68,48890
12,3,4,128,0,4,123,14.0,7,4,0,47,22990
3,18,16,1000,0,4,46,15.6,7,10,16,76,95990
3,11,8,512,0,4,121,15.6,7,4,8,61,46990
3,15,8,512,0,4,132,15.6,7,10,12,59,43879
9,10,8,256,0,4,126,14.0,7,2,4,55,35490
9,16,16,512,0,4,134,15.6,7,10,12,55,62490
3,23,16,512,0,4,50,15.6,7,14,20,79,94990
3,50,16,1000,0,4,49,17.3,7,8,16,75,87990
12,3,8,256,0,4,123,14.0,7,4,0,50,29990
3,16,16,512,0,4,46,15.6,0,8,12,67,77990
1,11,16,512,0,4,38,15.6,7,6,12,73,62990
1,16,8,512,0,4,45,15.6,7,12,16,67,59999
14,37,8,512,0,4,96,15.6,7,4,8,61,40026
1,16,8,512,0,4,38,15.6,7,12,16,69,57990
14,99,16,512,0,4,46,15.6,7,6,12,75,71990
3,16,8,512,0,4,46,15.6,7,8,12,72,75990
3,99,16,512,0,4,96,14.0,20,6,12,72,59990
9,18,16,1000,0,4,121,15.6,7,12,16,66,85990
9,16,16,512,0,4,134,14.0,7,10,12,62,71990
15,18,16,1000,0,4,69,15.6,15,14,20,84,111000
2,67,8,512,0,2,0,13.3,16,8,0,45,139990
9,18,16,1000,0,4,134,14.0,7,10,12,65,84990
3,16,8,512,0,4,121,15.6,7,12,16,63,56825
6,11,16,512,0,4,46,15.6,7,6,12,69,68102
6,18,16,512,0,4,49,15.6,7,14,20,75,108400
1,11,8,512,0,4,132,15.6,7,4,8,53,43490
9,99,8,512,0,4,51,15.6,7,6,12,72,69028
6,72,8,256,0,4,96,15.6,7,2,2,48,33000
4,73,4,128,0,4,126,14.1,7,2,2,47,16990
19,120,4,0,128,4,150,14.0,7,0,0,0,32990
3,91,4,0,128,4,140,13.3,7,4,4,51,29990
3,10,8,512,0,4,140,15.6,7,2,4,50,35990
14,98,8,512,0,4,91,15.6,7,6,12,59,47799
9,109,16,512,0,4,46,15.6,7,8,16,72,73758
12,8,8,512,0,4,123,14.0,7,4,8,48,37490
2,83,16,512,0,2,5,14.2,23,8,0,53,171594
9,99,8,512,0,4,31,16.1,7,6,12,65,61490
6,11,8,512,0,4,16,15.6,7,4,8,61,59306
6,11,8,256,0,4,134,14.0,7,4,8,60,74500
9,11,8,256,1000,4,38,15.6,7,4,8,75,66990
6,11,16,512,0,4,134,15.6,7,4,8,71,67990
21,11,16,512,0,4,134,14.0,16,4,8,62,58355
9,34,8,256,1000,4,101,15.6,7,2,4,62,44990
9,26,8,512,0,4,110,14.0,7,4,8,57,90464
9,10,8,512,0,4,123,15.6,7,2,4,56,41990
3,12,16,512,0,4,121,15.6,7,4,8,61,54990
9,30,8,0,1000,4,96,14.0,3,2,2,47,25999
9,93,8,256,0,4,96,15.6,7,4,8,59,40490
14,11,8,512,0,4,121,15.6,7,4,8,65,49490
2,67,16,512,0,2,0,13.3,16,8,0,47,168900
14,35,8,512,0,1,96,15.6,7,4,8,56,32990
14,22,16,1000,0,4,135,14.0,28,12,16,78,174990
10,11,8,512,0,4,154,14.0,7,4,8,63,46990
5,15,16,512,0,4,112,14.0,10,6,8,54,33990
6,15,8,512,0,4,140,15.6,7,6,8,59,46900
6,16,8,512,0,4,134,15.6,7,10,12,60,63690
14,40,8,512,0,1,96,15.6,7,6,12,56,42137
9,34,4,0,1000,4,96,14.0,7,2,4,53,24990
1,6,4,256,0,4,123,14.0,3,4,4,50,37990
3,10,8,512,0,4,140,15.6,7,2,4,51,42990
14,11,8,512,0,1,123,15.6,7,4,8,60,52500
9,68,8,0,1000,4,96,15.6,3,2,2,47,27390
14,69,4,0,1000,1,93,14.0,3,2,2,48,18990
14,68,4,256,0,4,93,14.0,3,2,2,51,20990
6,18,16,512,0,4,19,16.0,7,10,12,69,98450
1,16,16,512,0,4,46,15.6,7,12,16,76,73990
3,11,8,512,0,4,118,14.0,7,4,8,65,49490
6,18,16,512,0,4,69,15.6,7,14,20,84,168990
3,105,16,512,0,4,102,16.0,1,6,12,68,54990
1,87,8,256,0,4,125,15.6,3,4,0,50,24990
3,16,8,512,0,4,132,15.6,7,10,12,62,56990
3,11,8,512,0,4,134,15.6,7,4,8,56,46890
14,40,8,512,0,4,96,15.6,7,6,12,57,45278
6,20,16,1000,0,4,84,15.6,15,14,20,71,138990
6,18,16,512,0,4,120,14.0,8,10,12,57,79490
9,28,4,256,0,1,153,15.6,7,2,2,0,21633
3,16,16,512,0,4,121,15.6,7,10,12,61,67499
16,16,8,256,0,4,132,13.5,12,10,12,50,98990
12,10,8,256,0,4,123,15.6,7,2,4,45,34990
12,12,16,512,0,4,121,15.6,7,4,8,59,57990
12,11,8,512,0,4,121,15.6,7,4,8,49,47990
10,40,16,512,0,4,91,14.0,7,6,12,59,44990
9,16,16,512,0,4,46,15.6,7,8,12,69,81990
9,11,8,512,0,4,134,14.0,3,4,8,56,51990
14,18,16,1000,0,4,69,15.6,16,14,20,86,141990
6,16,16,512,0,4,134,15.6,7,10,12,62,65990
9,55,16,512,0,4,51,16.1,7,8,16,69,115903
15,16,8,512,0,4,121,15.6,7,10,12,61,55490
14,18,16,1000,0,4,69,16.0,16,14,20,84,164990
3,41,16,512,0,4,46,15.6,7,6,12,69,98500
14,73,4,256,0,4,123,15.6,7,2,2,51,21999
6,16,16,512,0,4,123,13.3,16,12,16,66,76490
3,52,16,512,0,4,69,15.6,7,8,16,75,89990
14,71,8,0,1000,4,96,14.0,7,2,2,44,22999
3,15,8,256,0,4,122,14.0,7,10,12,60,38990
14,40,8,512,0,4,96,15.6,7,6,12,55,46990
14,11,8,512,0,4,123,15.6,7,4,8,56,48999
14,11,16,512,0,4,46,15.6,7,4,8,71,68989
15,11,8,512,0,4,44,15.6,7,6,12,72,55990
15,16,16,512,0,4,49,15.6,7,8,12,76,77990
15,16,8,512,0,4,114,15.6,7,12,16,60,54990
14,18,16,512,0,4,69,16.0,8,14,20,79,105990
14,108,16,512,0,4,96,15.6,7,8,16,68,64990
15,20,16,1000,0,4,69,15.6,15,14,20,75,135000
5,75,4,128,0,4,112,14.1,3,2,2,42,15990
15,18,16,1000,0,4,69,15.6,7,14,20,85,134000
14,10,8,256,0,4,140,15.6,7,2,4,49,33990
15,98,8,512,0,4,99,14.0,7,6,12,59,44290
9,18,16,512,0,4,129,13.3,20,10,12,68,102123
3,18,16,1000,0,4,49,14.5,20,14,20,81,159990
6,36,8,256,0,4,93,14.0,7,4,8,59,38663
14,11,8,512,0,4,130,15.6,7,4,8,59,55490
6,36,8,512,0,4,93,14.0,7,4,8,61,38990
1,11,8,512,0,4,121,15.6,7,4,8,59,40990
9,16,8,512,0,4,132,15.6,7,10,12,59,59490
14,75,8,256,0,4,123,15.6,3,2,2,49,28980
3,15,8,256,0,4,132,15.6,7,10,12,51,40990
9,34,8,256,0,4,99,15.6,3,2,4,55,29990
15,12,8,512,0,4,46,15.6,7,8,16,69,65590
3,115,16,512,0,4,40,15.6,7,8,16,68,64990
14,40,8,512,0,4,91,15.6,7,6,12,65,48990
14,109,8,512,0,4,46,15.6,7,8,16,67,77850
14,10,8,512,0,4,123,14.0,7,2,4,50,37990
6,11,8,512,0,4,140,13.3,7,4,8,62,102400
15,11,8,512,0,4,46,15.6,7,6,12,67,56990
9,10,8,256,0,4,140,15.6,7,2,4,44,38499
3,16,16,512,0,4,121,14.0,20,12,16,65,85990
1,92,8,256,0,4,93,15.6,8,2,4,54,26990
9,10,8,256,1000,4,140,15.6,7,2,4,61,43990
9,29,8,256,0,4,93,14.0,3,2,2,50,25758
9,10,8,256,1000,4,123,15.6,7,2,4,61,40390
9,34,8,512,0,4,91,15.6,7,2,4,61,37990
6,64,8,512,0,4,100,15.6,7,4,8,63,40663
14,11,8,512,0,4,38,15.6,7,4,8,68,54451
1,13,64,2000,1000,4,9,17.3,27,8,16,97,432159
14,109,16,512,0,4,69,15.6,7,8,16,75,90700
14,10,8,512,0,4,140,14.0,7,2,4,48,37700
6,106,8,512,0,4,96,16.0,8,6,12,71,57990
9,18,16,1000,0,4,134,14.0,20,14,20,74,91990
6,18,16,1000,0,4,134,13.4,28,12,16,71,178500
3,18,32,1000,0,4,69,15.6,27,14,20,91,199990
6,18,16,512,0,4,37,15.6,7,14,20,76,169990
9,18,16,512,0,4,49,15.6,7,10,16,63,94699
9,10,8,512,0,4,123,15.6,7,2,4,55,41500
15,12,16,512,0,4,69,15.6,7,8,16,74,85990
14,11,16,512,0,4,134,14.0,20,4,8,62,71990
9,10,8,256,0,4,140,15.6,7,4,8,47,41890
14,15,8,512,0,4,155,15.6,7,6,8,50,43999
9,52,8,512,0,4,38,16.1,7,8,16,74,71990
14,10,8,256,1000,4,123,15.6,7,2,4,50,37000
14,11,16,256,1000,4,46,15.6,7,4,8,72,77750
6,15,8,256,0,4,148,14.0,8,6,8,65,53906
6,16,8,512,0,4,134,14.0,8,10,12,54,74990
6,16,16,512,0,4,134,16.0,8,10,12,61,94500
6,18,16,512,0,4,18,14.0,8,10,12,63,102990
3,107,16,1000,0,4,49,15.6,7,8,16,75,85990
12,8,16,512,0,4,126,14.0,7,4,8,51,46990
9,92,8,512,0,4,104,15.6,7,2,4,56,32083
3,116,16,512,0,4,102,16.0,8,8,16,72,66990
9,16,16,512,0,4,121,15.6,7,12,16,63,69990
3,18,16,1000,0,4,69,17.3,7,14,20,76,109990
3,109,16,512,0,4,96,14.0,20,8,16,71,64990
12,7,8,512,0,4,126,14.0,7,2,4,47,33490
3,107,8,512,0,4,46,15.6,7,8,16,68,69990
3,18,16,1000,0,4,69,15.6,15,14,20,81,122990
1,11,16,512,0,4,121,15.6,7,4,8,66,54990
2,67,8,512,0,2,1,13.6,18,8,0,45,137990
3,39,8,512,0,4,38,15.6,7,6,12,72,55990
3,16,16,512,0,4,131,15.6,7,12,16,65,72000
9,16,8,512,0,4,134,14.0,7,10,12,60,62278
9,16,8,512,0,4,132,15.6,7,12,16,62,63350
14,7,8,512,0,4,113,15.6,7,2,4,60,36490
9,16,8,512,0,4,132,15.6,7,10,12,59,60500
19,16,8,512,0,4,35,15.6,7,12,16,63,79990
3,113,16,1000,0,4,69,15.6,15,8,16,82,124990
6,16,16,512,0,4,46,15.6,7,12,16,73,79990
3,16,16,512,0,4,134,14.0,20,12,16,63,70990
9,16,16,512,0,4,18,15.6,7,10,12,60,78200
19,18,16,512,0,4,134,15.6,7,10,12,62,79990
19,16,8,512,0,4,134,15.6,7,10,12,60,64490
6,11,8,512,0,4,46,15.6,7,6,12,67,65990
14,73,8,256,0,4,123,15.6,3,2,2,51,26585
6,16,16,512,0,4,46,15.6,7,12,16,67,84990
9,16,16,512,0,4,140,15.6,7,8,12,67,71999
1,16,8,512,0,4,46,15.6,7,8,16,69,76109
3,117,16,512,0,4,69,15.6,7,8,16,75,98900
14,73,4,256,0,1,123,15.6,7,2,2,43,19990
6,11,16,256,1000,4,140,14.0,3,4,8,65,76900
6,87,8,256,0,4,123,15.6,3,4,0,49,32033
6,106,16,512,0,4,107,16.0,8,6,12,72,62490
9,11,8,512,0,4,113,14.0,3,4,8,51,60618
14,71,4,0,1000,1,148,14.0,7,2,2,0,18990
9,102,8,512,0,4,96,15.6,7,6,12,60,52490
9,95,8,512,0,4,96,14.0,7,6,12,60,51990
19,18,16,512,0,4,134,13.3,0,8,16,73,113990
6,11,8,512,0,4,134,15.6,7,4,8,60,54490
3,89,4,0,1000,4,138,15.6,3,4,0,48,23399
19,16,16,512,0,4,134,13.3,0,12,16,72,110990
3,91,8,256,0,4,140,13.3,7,4,4,54,43290
2,66,16,512,0,2,108,13.3,16,8,0,53,125990
9,93,8,512,0,4,96,14.0,7,4,8,51,40300
9,11,8,512,0,4,134,15.6,7,4,8,54,55499
2,66,16,256,0,2,108,13.3,16,8,0,43,105990
9,93,8,512,0,4,93,15.6,7,4,8,56,39648
6,11,8,256,1000,4,21,15.6,7,4,8,65,62812
14,10,8,512,0,4,123,15.6,7,2,4,53,37952
6,8,8,256,0,4,140,14.0,7,4,8,60,77499
9,99,8,512,0,4,42,15.6,7,6,12,63,64990
9,99,8,512,0,4,38,15.6,7,6,12,68,59910
6,12,16,512,0,4,134,14.0,7,4,8,61,112000
9,10,8,256,0,4,123,14.0,7,4,8,50,35490
14,10,8,256,0,4,123,15.6,7,2,4,54,36001
12,9,16,512,0,4,123,14.0,7,4,8,55,46990
3,10,8,256,1000,4,140,14.1,7,2,4,54,38990
3,7,8,512,0,4,123,15.6,7,2,4,50,32990
9,11,8,512,0,4,38,15.6,7,4,8,55,61990
2,82,32,1000,0,2,28,16.2,26,10,0,61,296894
14,75,4,0,1000,1,123,15.6,7,2,2,43,21999
6,10,8,256,1000,4,113,15.6,7,2,4,54,41490
9,99,8,512,0,4,38,15.6,7,6,12,71,58635
3,10,8,256,0,4,123,15.6,7,2,4,59,34994
21,11,16,512,0,4,134,15.6,25,4,8,66,62999
15,99,8,512,0,4,34,15.6,7,6,12,69,58500
14,10,8,512,0,4,123,15.6,7,2,4,55,37600
21,10,8,256,0,4,140,15.6,7,2,4,55,30990
18,10,8,256,0,4,140,14.0,4,2,4,53,46990
14,11,8,512,0,4,121,15.6,7,4,8,61,55850
1,80,4,0,1000,4,142,15.6,29,4,4,0,21990
3,61,16,1000,0,4,38,13.4,28,8,16,84,105990
14,12,16,1000,0,4,134,14.0,27,4,8,67,172990
6,11,8,256,1000,4,134,15.6,7,4,8,57,61640
2,66,8,512,0,2,108,13.3,16,8,0,47,109990
6,7,4,0,1000,4,123,15.6,7,2,4,55,36990
16,121,8,128,0,4,105,15.0,14,4,8,59,99990
9,25,8,512,0,4,26,14.0,7,4,8,66,146000
6,11,16,256,0,4,140,13.3,7,4,8,65,87999
14,10,8,512,0,4,123,15.6,7,2,4,51,33990
3,10,8,512,0,4,140,15.6,7,2,4,51,39400
9,16,16,512,0,4,121,15.6,7,10,12,72,82999
9,35,8,512,0,4,96,15.6,7,4,8,55,40960
3,18,16,1000,0,4,69,16.0,28,10,16,86,168990
9,11,8,512,0,4,38,16.1,7,6,12,72,84419
9,41,8,512,0,4,33,15.6,7,6,12,68,70816
9,11,16,512,0,4,38,16.1,7,6,12,74,75990
6,20,16,1000,0,4,69,15.6,7,14,20,78,149899
9,41,16,512,0,4,72,16.1,7,6,12,73,92990
14,55,16,1000,0,4,69,16.0,16,8,16,75,159990
15,18,16,512,0,4,51,15.6,7,14,20,76,105000
15,20,16,1000,0,4,88,15.6,15,14,20,80,209000
9,16,16,512,0,4,134,15.6,7,12,16,63,74098
9,16,16,512,0,4,134,15.6,7,10,12,71,99999
9,18,16,512,0,4,129,15.6,7,10,12,72,116000
9,53,16,512,0,4,91,14.0,3,8,16,72,73999
2,86,16,1000,0,2,14,16.2,26,12,0,59,269900
2,86,16,512,0,2,14,16.2,26,12,0,55,249900
2,84,32,1000,0,2,27,14.2,23,12,0,62,309900
2,86,16,1000,0,2,14,14.2,23,12,0,56,249900
2,85,16,512,0,2,6,14.2,23,10,0,54,199900
9,16,16,512,0,4,121,14.0,20,12,16,71,81990
2,67,16,256,0,2,0,13.3,16,8,0,44,149000
2,67,16,512,0,2,1,13.6,18,8,0,47,159000
2,67,16,256,0,2,1,13.6,18,8,0,44,137900
19,16,16,512,0,4,123,15.6,7,8,12,59,70990
14,20,32,1000,0,4,10,16.0,16,16,24,90,359990
6,10,8,512,0,4,140,15.56,7,2,4,57,61202
6,36,8,256,0,4,93,14.0,7,4,8,61,50852
9,34,8,512,0,1,96,14.0,3,2,4,53,36000
15,15,8,512,0,4,123,14.0,7,6,8,61,44990
6,16,16,512,0,4,121,14.0,7,12,16,68,91958
9,10,8,256,1000,4,123,15.6,7,2,4,62,41990
12,11,16,512,0,4,121,15.6,7,4,8,53,49990
6,16,8,512,0,4,134,15.6,7,10,12,61,62029
6,16,16,512,0,4,140,14.0,7,10,12,61,69900
6,16,8,256,1000,4,24,15.6,7,10,12,67,72990
9,16,16,512,0,4,121,15.6,7,10,12,67,77990
9,18,16,1000,0,4,121,15.6,20,10,12,73,109990
9,16,16,512,0,4,121,15.6,7,10,12,65,84990
6,16,8,512,0,4,46,15.6,7,12,16,75,79990
9,102,16,512,0,4,96,14.0,7,6,12,61,59815
9,16,16,512,0,4,134,15.6,7,12,16,63,75990
9,16,16,512,0,4,121,13.4,8,10,12,72,79990
9,111,16,512,0,4,95,13.3,7,8,16,72,98000
6,16,8,512,0,4,134,15.6,7,10,12,56,60070
3,56,16,1000,0,4,69,15.6,15,8,16,81,157990
6,16,8,512,0,4,140,14.0,7,10,12,59,57990
6,31,16,512,0,4,100,15.6,7,6,12,62,55530
6,49,8,512,0,4,100,15.6,7,6,12,60,51499
6,15,8,512,0,4,140,14.0,7,6,8,56,43990
3,62,16,1000,0,4,88,15.6,15,8,16,85,211990
15,18,16,512,0,4,121,15.6,7,10,12,62,67990
15,16,16,512,0,4,121,15.6,7,10,12,62,57990
15,16,8,512,0,4,121,14.0,7,10,12,59,56990
3,15,8,512,0,4,140,15.6,7,10,12,55,42990
9,11,8,512,0,4,113,14.0,3,4,8,56,52999
9,16,8,512,0,4,38,15.6,7,8,12,69,79888
14,12,16,1000,0,4,61,15.6,7,8,16,79,159999
1,16,16,512,0,4,133,15.6,7,10,12,66,61990
9,15,8,512,0,4,123,14.0,7,6,8,66,59990
6,79,8,256,0,4,140,15.6,7,2,4,53,32990
9,10,8,512,0,1,113,14.0,3,2,4,44,35000
14,68,4,0,1000,1,93,14.0,3,2,2,47,18990
14,68,4,256,0,1,93,14.0,3,2,2,48,18990
15,18,8,512,0,4,46,15.6,7,14,20,73,80990
14,40,16,512,0,4,91,14.0,8,6,12,69,72690
14,11,8,512,0,4,134,14.0,7,4,8,56,49999
3,107,8,512,0,4,49,15.6,7,8,16,69,76990
3,16,16,512,0,4,132,14.0,20,12,16,69,95980
14,15,8,512,0,4,155,14.0,7,6,8,59,52900
20,73,4,128,0,4,126,14.1,7,2,2,48,19990
9,16,16,512,0,4,126,14.0,7,10,12,65,68918
20,73,4,128,0,1,126,14.1,7,2,2,44,17990
20,73,4,256,0,4,126,15.6,7,2,2,50,23990
14,18,16,1000,0,4,49,16.0,16,14,20,84,149990
1,15,8,512,0,4,123,15.6,7,6,8,59,42990
15,18,32,1000,0,4,88,15.6,15,14,20,96,288990
9,48,8,512,0,4,91,13.3,7,6,12,65,75190
6,11,16,512,0,4,134,14.0,7,4,8,57,98280
1,16,8,512,0,4,133,15.6,7,10,12,63,57990
14,11,16,512,0,4,140,15.6,7,4,8,63,59290
8,16,16,512,0,4,69,15.6,7,12,16,74,103890
8,16,16,512,0,4,48,15.6,7,12,16,68,85990
8,16,8,512,0,4,46,15.6,7,12,16,66,109990
6,16,8,512,0,4,123,14.0,7,10,12,67,74990
14,18,16,512,0,4,134,13.3,8,12,16,71,200000
1,41,16,512,1000,4,46,15.6,7,6,12,72,75990
1,41,8,512,1000,4,46,15.6,7,6,12,69,68990
1,41,16,512,0,4,38,15.6,7,6,12,71,63990
9,16,8,512,0,4,134,13.3,8,10,12,63,79990
9,10,8,512,0,4,113,14.0,3,2,4,49,34440
14,7,4,256,0,4,123,15.6,7,2,4,54,31990
14,12,16,512,0,4,22,14.0,7,4,8,69,140200
9,16,8,512,0,4,121,14.0,7,10,12,60,71020
3,74,4,256,0,4,140,14.0,7,2,2,44,24500
9,122,8,512,0,4,113,14.0,3,0,0,50,34440
14,108,16,512,0,4,106,14.0,7,8,16,68,74990
14,10,8,256,0,4,123,14.0,7,2,4,53,32499
14,10,8,256,0,4,140,15.6,7,2,4,48,37100
1,120,4,0,128,0,151,13.3,7,8,0,0,47990
14,11,8,512,0,4,138,14.1,7,4,8,61,76890
6,16,8,512,0,4,116,15.6,7,10,12,57,64490
3,18,16,512,0,4,132,14.0,20,12,16,69,108990
14,7,8,256,0,4,113,15.6,7,2,4,50,33990
6,43,8,512,0,4,99,15.6,7,6,12,62,51490
14,11,8,512,0,1,138,14.1,7,4,8,50,72990
3,8,8,512,0,4,38,15.6,7,4,8,63,54990
15,18,16,1000,0,4,69,17.3,7,14,20,73,149990
15,98,8,512,0,4,96,15.6,7,6,12,57,57990
14,11,16,512,0,4,134,14.0,0,4,8,67,77500
6,10,8,512,0,4,113,14.0,7,2,4,57,47000
14,16,8,512,0,4,132,14.0,7,10,12,57,74500
6,13,32,1000,0,4,7,17.3,7,8,16,79,312199
14,10,8,256,0,4,123,15.6,7,2,4,53,36990
14,18,32,1000,0,4,60,15.6,7,14,20,76,190400
16,18,8,256,0,4,132,13.5,12,10,12,57,178999
16,18,16,256,0,4,134,13.0,21,10,12,56,167999
16,18,16,512,0,4,134,13.0,21,10,12,54,192990
16,18,16,512,0,4,132,15.0,14,10,12,63,182990
6,98,8,512,0,4,93,14.0,7,6,12,61,55999
14,18,32,1000,0,4,88,16.0,16,14,20,91,218000
14,7,4,256,0,4,123,15.6,7,2,4,50,29990
1,11,12,512,0,4,132,15.6,7,4,8,60,49312
3,74,4,256,0,4,140,14.0,7,2,2,45,24415
3,16,8,512,0,4,132,15.6,7,10,12,62,56990
14,12,16,512,0,4,134,14.0,7,4,8,61,103600
1,98,8,512,0,4,92,14.0,7,6,12,65,61500
14,10,8,512,0,1,123,15.6,7,2,4,47,34499
6,19,16,1000,0,4,146,13.4,7,10,12,53,185800
6,108,16,512,0,4,93,14.0,7,8,16,62,89976
9,52,8,512,0,4,32,16.0,7,8,16,68,68990
3,90,8,256,0,4,123,14.1,3,4,0,49,27990
3,8,8,512,0,4,123,15.6,7,4,8,59,44990
6,16,8,512,0,4,23,15.6,7,10,12,61,66111
6,18,16,512,0,4,69,15.6,7,10,16,80,124400
1,34,8,0,1000,4,100,14.0,3,2,4,51,39999
9,10,8,256,0,4,113,15.6,7,2,4,54,37490
3,7,8,512,0,4,123,15.6,7,2,4,56,34490
14,15,8,512,0,4,155,15.6,7,6,8,57,45500
1,75,4,0,32,0,111,11.6,3,2,2,0,18490
6,12,16,512,0,4,134,14.0,7,4,8,57,112500
9,38,8,512,0,4,91,14.0,7,6,6,68,49999
14,73,4,256,0,4,123,15.6,7,2,2,51,23999
6,43,16,512,0,4,96,14.0,7,6,12,63,60990
6,119,16,1000,0,4,69,15.6,7,8,16,76,147100
6,113,16,512,0,4,69,15.6,7,8,16,78,128200
6,113,16,1000,0,4,70,15.6,7,8,16,76,159200
6,20,16,1000,0,4,84,15.6,15,14,20,72,181799
6,18,16,512,0,4,18,14.5,15,12,16,62,126990
1,15,8,512,0,4,113,15.6,7,6,8,54,47990
1,10,8,512,0,4,126,15.6,7,2,4,51,37990
14,43,16,512,0,4,96,15.6,7,6,12,65,59990
3,39,8,1000,0,4,38,15.6,7,6,12,68,65990
3,16,16,512,0,4,132,14.0,20,10,12,61,69990
14,18,16,1000,0,4,134,14.0,8,10,12,59,211990
3,15,8,512,0,4,132,14.0,20,6,8,56,51990
6,12,16,512,0,4,73,15.6,7,8,16,79,200000
14,11,8,256,1000,4,38,15.6,7,4,8,62,54950
3,15,8,512,0,4,123,15.6,7,6,8,56,50500
3,63,16,1000,0,4,87,17.3,15,8,16,78,210990
14,8,8,512,0,4,140,15.6,7,4,8,53,47115
14,16,16,512,0,4,134,15.6,20,10,12,60,63590
14,11,16,512,0,4,134,14.0,7,4,8,67,79500
0,12,32,1000,0,4,20,15.6,7,4,8,66,70000
12,10,8,512,0,4,123,15.6,7,2,4,47,38990
6,18,16,1000,0,4,134,13.4,28,12,16,74,195190
14,16,8,512,0,4,154,14.0,7,10,12,59,59990
3,74,4,256,0,4,140,14.0,7,2,2,45,24485
15,18,32,1000,0,4,12,16.0,16,14,20,94,444990
14,51,16,512,0,4,91,14.0,8,8,16,75,78990
6,17,16,512,0,4,146,13.4,7,10,12,50,133500
3,18,16,512,0,4,131,15.6,7,14,20,73,87500
1,34,8,256,0,4,93,15.6,7,2,4,54,29990
15,20,64,2000,0,4,4,17.3,16,14,20,91,395000
14,98,16,512,0,4,96,13.3,7,6,12,69,78990
9,34,8,256,0,4,93,14.0,7,2,4,47,36990
15,18,32,1000,0,4,90,16.0,16,14,20,91,196990
9,20,32,2000,0,4,8,16.1,15,16,24,85,299999
9,63,32,1000,0,4,80,16.1,7,8,16,81,154990
14,16,8,512,0,4,134,14.0,7,10,12,66,75000
9,18,16,1000,0,4,85,16.1,7,14,20,85,180880
5,77,8,256,0,4,139,14.0,10,4,4,0,27489
9,18,16,1000,0,4,69,16.1,7,14,20,82,144480
14,16,16,512,0,4,147,15.6,7,10,12,60,61990
14,16,16,512,0,4,46,15.6,7,8,12,73,80990
9,55,16,1000,0,4,69,16.1,7,8,16,74,139680
14,16,8,512,0,4,138,14.0,8,10,12,62,75990
9,41,8,512,0,4,46,15.6,7,6,12,72,71990
6,19,16,512,0,4,146,13.4,7,10,12,51,132470
9,55,16,512,0,4,51,16.0,7,8,16,66,107690
9,55,16,512,0,4,46,16.0,7,8,16,66,99800
14,11,8,0,1000,1,113,14.0,7,4,8,53,49999
14,75,4,0,1000,4,123,15.6,7,2,2,48,29999
14,52,8,512,0,4,46,15.6,7,8,16,74,76990
14,16,16,512,0,4,134,14.0,7,10,12,57,74490
14,18,16,1000,0,4,134,14.0,7,10,12,66,102490
14,14,16,1000,0,4,134,14.0,27,14,20,69,179990
6,10,16,256,1000,4,140,15.6,7,2,4,56,49850
1,37,16,512,0,4,100,14.0,3,4,8,59,39990
7,18,16,512,0,4,134,13.3,7,10,12,68,99990
9,18,16,512,0,4,134,13.3,20,10,12,68,104990
8,11,16,512,0,4,49,15.6,7,6,12,71,76600
8,11,16,512,0,4,46,15.6,7,6,12,71,73990
8,11,16,512,0,4,69,15.6,7,6,12,72,87800
15,12,16,512,0,4,69,15.6,7,8,16,74,115990
14,16,16,512,0,4,46,15.6,7,8,12,74,89990
14,11,8,512,0,4,47,15.6,7,4,8,68,69500
6,10,8,256,0,3,140,15.6,3,2,4,42,38700
10,8,8,256,0,4,140,15.6,7,4,8,57,67318
6,10,8,512,0,4,140,15.6,7,2,4,51,46300
9,10,8,256,0,4,140,15.6,3,2,4,61,48500
6,10,16,512,1000,4,140,15.6,7,2,4,57,53100
14,11,8,512,0,1,140,14.0,7,4,8,55,60100
6,10,16,512,0,4,140,15.6,7,2,4,54,49800
6,10,16,512,0,3,140,14.0,3,2,4,55,69500
7,16,16,512,0,4,134,13.3,7,10,12,68,89990
6,11,16,1000,0,4,140,14.0,7,4,8,68,102999
7,18,16,512,0,4,134,13.3,7,10,12,69,99990
1,80,4,128,0,4,152,11.6,3,4,4,49,24990
14,7,8,512,0,4,121,14.0,7,2,4,65,66000
14,11,8,512,0,4,123,15.6,7,4,8,60,71300
9,10,8,512,0,4,138,15.6,3,2,4,45,36499
6,16,16,512,0,4,128,13.3,16,12,16,54,78990
9,11,8,512,0,4,132,14.0,7,4,8,65,138800
9,16,16,512,0,4,121,14.0,7,10,12,67,71999
1,20,32,2000,0,4,149,15.6,27,14,20,84,319999
6,16,16,512,0,4,134,13.4,28,12,16,69,171000
1,44,16,512,1000,4,46,15.6,15,6,12,76,98990
1,97,8,512,0,4,93,15.6,7,4,8,56,51250
3,55,16,512,0,4,49,15.6,7,8,16,79,89990
15,8,8,512,0,4,56,15.6,7,6,12,69,60700
1,98,8,256,0,4,91,15.6,7,6,12,59,44990
1,55,16,1000,0,4,148,15.6,7,0,0,0,129990
14,55,16,1000,0,4,69,16.0,16,8,16,76,159990
9,41,8,512,0,4,38,16.1,7,6,12,72,75299
9,16,16,512,0,4,129,13.3,20,10,12,67,103000
9,18,32,1000,0,4,88,16.1,15,16,24,76,199999
10,40,8,256,0,4,91,15.6,7,6,12,51,39990
9,18,16,512,0,4,129,13.3,28,10,12,69,143990
9,20,32,1000,0,4,69,15.6,27,14,20,78,219900
9,20,16,1000,0,4,69,16.0,27,14,20,76,192490
14,55,32,1000,0,4,86,16.0,16,8,16,82,189990
14,18,16,512,0,4,134,14.0,20,12,16,63,109969
3,7,8,512,0,4,140,14.0,7,2,4,57,33990
14,108,16,512,0,4,91,13.3,7,8,16,63,80030
9,74,4,0,64,0,126,14.0,3,2,2,44,21990
14,10,8,0,1000,4,123,14.0,7,2,4,57,51500
9,18,16,1000,0,4,129,13.3,20,10,12,71,109990
8,18,16,1000,0,4,88,15.6,7,14,20,81,185490
14,8,4,256,0,4,123,14.0,3,4,8,47,48000
3,16,8,512,0,4,123,14.0,7,10,12,63,53990
3,16,16,512,0,4,121,14.0,7,12,16,67,66990
3,15,8,512,0,4,123,14.0,7,10,12,63,45990
14,11,8,512,0,1,138,14.1,7,4,8,56,71449
14,71,4,0,1000,4,96,15.6,7,2,2,42,21999
6,11,16,512,1000,4,140,14.0,3,4,8,65,75800
9,10,8,512,0,1,119,15.6,3,0,0,0,35979
1,4,4,0,1000,4,113,15.6,3,2,4,53,26990
9,12,8,512,0,4,109,13.3,7,0,0,0,111500
15,12,16,512,0,4,55,16.0,16,8,16,78,115990
14,12,16,1000,0,4,140,14.0,7,4,8,66,248890
14,11,8,512,0,4,67,14.0,7,4,8,66,87000
11,8,8,512,0,4,140,14.0,7,4,8,62,71901
14,11,16,512,0,4,134,15.6,7,4,8,53,59990
3,81,8,256,0,4,118,14.1,3,4,4,48,28990
6,10,8,512,1000,4,140,15.56,7,2,4,57,46499
14,10,4,256,0,4,123,15.0,7,2,4,50,39000
11,11,8,512,0,4,134,14.0,10,4,8,61,100931
3,62,16,1000,0,4,81,14.0,7,8,16,82,155000
9,16,8,512,0,4,129,13.3,7,10,12,65,80990
3,114,16,1000,0,4,68,16.0,16,8,16,87,187990
3,118,16,1000,0,4,68,16.0,16,8,0,84,211990
14,11,8,512,0,1,134,14.0,7,4,8,51,47199
4,7,8,256,0,4,143,14.0,7,2,4,48,29990
14,12,16,512,0,4,121,13.0,16,4,8,65,85999
14,12,16,512,0,4,38,14.0,7,8,16,69,219000
14,15,8,512,0,4,123,14.0,7,6,8,62,59801
14,10,8,256,0,4,144,15.6,7,2,4,54,37000
14,11,16,512,0,4,127,14.0,7,4,8,69,74490
6,96,8,256,0,4,91,14.0,7,4,0,56,36990
14,11,16,512,0,4,134,14.0,20,4,8,62,74517
15,16,8,512,0,4,46,15.6,7,12,16,67,70990
15,12,16,512,0,4,62,17.32,7,8,16,69,76990
15,12,16,512,0,4,63,17.32,7,8,16,69,82990
15,16,16,512,0,4,69,15.6,7,12,16,71,85990
15,18,16,1000,0,4,74,15.6,7,14,20,78,105990
1,101,16,512,0,4,46,14.0,7,6,12,65,76000
14,73,4,256,0,4,123,14.0,7,2,2,49,21999
9,29,4,0,1000,1,96,15.6,3,2,2,48,24650
1,42,16,512,0,4,46,14.0,7,6,12,66,79521
3,12,8,1000,0,4,65,15.6,7,8,16,65,101000
6,10,8,0,1000,4,121,14.0,7,2,4,56,38499
3,62,32,1000,0,4,65,13.4,8,8,16,81,151990
0,12,16,1000,0,4,20,15.6,7,4,8,61,65000
14,11,8,512,0,4,134,14.0,7,4,8,57,83399
3,62,32,1000,0,4,66,13.4,8,8,16,81,171990
8,18,16,512,0,4,86,15.6,15,14,20,75,144990
9,52,8,512,0,4,46,15.6,7,8,16,74,78650
14,15,8,512,0,4,123,14.0,7,6,8,61,60990
14,11,16,512,0,4,134,14.0,7,4,8,66,92999
14,99,16,512,0,4,38,15.6,8,6,12,71,69990
14,11,16,512,0,4,134,15.6,7,4,8,62,63990
1,41,8,512,0,4,46,15.6,7,6,12,67,67990
8,18,16,1000,0,4,69,15.6,7,14,20,79,143990
14,10,4,256,0,1,123,14.0,7,2,4,0,29500
3,63,16,1000,0,4,87,17.3,7,8,16,76,205780
15,18,16,1000,0,4,86,15.6,15,14,20,81,134990
15,18,16,512,0,4,69,15.6,7,14,20,76,104990
14,10,8,512,0,4,123,15.0,7,2,4,54,40871
14,35,8,256,0,4,96,15.6,7,4,8,62,39999
1,16,16,512,0,4,137,14.0,7,10,12,59,84990
14,52,16,1000,0,4,69,16.0,16,8,16,79,129994
14,12,16,512,0,4,134,14.0,7,4,8,67,142000
15,20,32,2000,0,4,10,17.3,27,16,24,86,299990
15,18,16,1000,0,4,87,17.3,7,14,20,82,170990
15,18,16,512,0,4,49,16.0,17,14,20,79,99990
15,110,8,512,0,4,78,15.6,7,8,16,75,79990
15,18,16,1000,0,4,52,16.0,17,14,20,80,109990
15,11,8,512,0,4,41,15.6,7,6,12,69,54490
3,20,32,4000,0,4,11,17.3,15,16,24,86,479990
3,7,8,512,0,4,140,14.0,7,2,4,50,32749
5,75,8,256,0,4,112,14.1,3,2,2,48,23990
15,18,16,1000,0,4,74,15.6,7,14,20,75,144834
3,20,32,1000,0,4,10,15.6,15,14,20,87,281990
15,12,16,512,0,4,75,17.32,7,8,16,72,92900
15,52,16,1000,0,4,2,15.6,7,8,16,79,100990
3,11,16,256,1000,4,121,15.6,7,4,8,66,67000
3,16,16,512,0,4,46,15.6,7,8,12,73,89990
14,18,16,512,0,4,134,15.6,7,10,12,67,82990
14,93,4,512,0,1,95,15.6,7,4,8,53,33250
14,11,8,512,0,4,121,15.6,7,4,8,56,53490
14,11,8,512,0,4,134,14.0,7,4,8,62,77500
3,47,16,512,0,4,96,14.0,8,6,12,56,68200
14,109,16,512,0,4,69,15.6,7,8,16,75,117900
3,88,8,256,0,4,123,14.1,3,4,4,48,28990
14,73,4,0,1000,4,123,14.0,7,2,2,48,22999
1,41,8,512,0,4,38,15.6,7,6,12,69,59990
9,10,8,512,0,4,123,14.0,7,2,4,54,39990
3,11,16,512,0,4,121,14.0,7,4,8,61,60990
21,16,16,512,0,4,25,14.0,16,8,12,73,76490
3,16,16,512,0,4,51,15.6,7,8,12,69,92772
6,16,16,512,0,4,134,14.0,8,10,12,56,80490
9,16,16,512,0,4,129,13.5,9,10,12,69,108990
6,18,16,1000,0,4,69,15.6,15,14,20,85,137490
8,18,16,1000,0,4,88,15.6,15,14,20,82,184900
9,18,16,1000,0,4,36,16.0,28,12,16,74,176990
3,55,16,1000,0,4,69,17.3,7,8,16,67,129990
9,16,8,512,0,4,134,13.5,22,10,12,67,110480
8,18,16,1000,0,4,88,15.6,15,14,20,82,179990
3,20,32,2000,0,4,10,17.3,15,16,24,86,359990
9,32,8,0,1000,4,148,15.6,7,4,0,44,36600
9,116,16,512,0,4,46,16.1,7,8,16,71,83099
1,12,16,512,0,4,49,15.6,7,8,16,73,82990
1,16,16,512,0,4,46,15.6,7,8,16,72,82990
1,78,16,512,0,4,38,15.6,7,6,12,67,62990
3,16,16,512,0,4,132,15.6,7,12,16,66,64980
3,62,16,1000,0,4,69,15.6,15,8,16,84,161990
3,18,16,1000,0,4,121,14.0,20,14,20,78,146490
3,20,16,1000,0,4,69,16.0,28,14,20,87,217490
3,62,16,1000,0,4,69,15.6,15,8,16,82,164990
3,18,32,1000,0,4,87,16.0,28,14,20,91,238121
15,18,32,2000,0,4,88,17.3,15,14,20,93,308990
3,20,32,1000,0,4,86,16.0,28,14,20,94,249990
8,18,16,1000,0,4,69,15.6,7,14,20,80,185000
6,10,4,256,0,3,140,14.0,3,2,4,51,34800
6,10,4,256,1000,3,140,14.0,3,2,4,55,41500
9,11,8,0,1000,4,113,15.6,3,4,8,50,64000
6,10,4,512,0,3,140,14.0,3,2,4,53,42000
14,59,8,512,0,4,46,15.6,7,8,16,72,73590
1,5,8,256,0,4,126,14.0,3,4,4,48,24990
3,8,8,512,0,4,123,15.6,7,4,8,59,50000
15,18,16,1000,0,4,88,15.6,15,14,20,87,212990
1,5,4,256,0,4,126,14.0,3,4,4,47,22990
15,18,16,1000,0,4,88,17.3,7,14,20,86,205000
3,18,16,1000,0,4,121,14.5,20,14,20,76,149990
3,20,32,1000,0,4,49,14.5,20,14,20,85,179990
3,16,16,512,0,4,121,14.5,20,12,16,67,118299
6,34,8,256,0,4,93,15.6,7,2,4,59,36680
3,55,16,1000,0,4,69,15.6,7,8,16,81,115990
6,18,32,1000,0,4,84,15.6,7,8,20,86,280490
9,18,16,512,0,4,46,15.6,7,10,16,63,90990
9,18,16,1000,0,4,134,13.5,22,14,20,75,150480
14,16,16,512,0,4,46,15.6,7,8,12,74,89990
14,47,8,512,0,4,38,15.6,7,6,12,71,66489
3,10,8,512,0,4,118,14.0,7,2,4,57,38490
1,37,8,512,0,4,93,15.6,7,4,8,56,38994
1,34,8,512,0,4,93,15.6,7,2,4,56,34490
3,63,16,1000,0,4,87,15.6,15,8,16,82,174990
3,63,16,1000,0,4,89,15.6,15,8,16,82,186000
6,11,8,512,0,4,121,14.0,7,4,8,69,65600
14,16,8,512,0,4,155,15.6,7,10,12,55,62390
1,11,16,512,0,4,132,15.6,7,4,8,55,53990
1,18,16,1000,0,4,69,15.6,15,14,20,79,124990
13,16,8,512,0,4,134,14.0,1,12,16,68,91490
6,18,32,1000,0,4,84,17.3,7,14,20,92,300490
3,39,8,512,0,4,38,17.3,7,6,12,71,70000
3,63,16,1000,0,4,87,15.6,15,8,16,84,174990
14,11,8,512,0,4,134,14.0,7,4,8,51,70900
3,113,16,1000,0,4,69,15.6,7,8,16,80,137990
9,18,8,512,0,4,46,15.6,7,10,16,61,88570
9,34,8,256,0,4,99,15.6,3,2,4,55,29997
3,18,16,512,0,4,76,16.0,16,14,20,85,174990
3,11,8,1000,0,4,46,15.6,7,6,12,66,85990
3,109,16,1000,0,4,86,15.6,7,8,16,81,146990
9,10,8,256,0,4,122,14.0,3,4,8,54,46999
14,10,8,512,0,4,126,15.6,7,2,4,45,39650
14,12,32,1000,0,4,30,15.6,7,4,8,76,168500
9,76,8,256,0,4,126,14.0,3,2,0,45,25521
9,18,16,512,0,4,134,14.0,7,10,12,62,89990
3,47,16,512,0,4,96,14.0,8,6,12,63,72990
1,46,16,512,0,4,38,15.6,7,6,12,68,56990
1,27,4,0,1000,4,93,14.0,3,2,2,48,22449
6,34,8,256,1000,4,100,15.6,7,2,4,60,47990
14,12,16,512,0,4,22,14.0,7,4,8,67,153970
14,109,16,512,0,4,46,15.6,7,8,16,67,79990
6,60,16,512,0,4,91,16.0,8,8,16,61,70990
3,117,16,1000,0,4,53,15.6,7,8,16,59,90990
14,16,8,512,0,4,140,15.6,7,10,12,60,58099
14,11,8,512,0,4,38,15.6,7,4,8,60,63990
7,11,16,512,0,4,134,13.3,7,4,8,73,82994
7,11,16,512,0,4,134,13.3,7,4,8,65,73494
7,11,16,512,0,4,134,13.3,7,4,8,62,54490
7,12,16,512,0,4,134,13.3,7,4,8,66,82994
6,2,16,512,0,4,51,15.6,7,8,16,67,131699
14,11,8,256,1000,4,46,15.6,7,4,8,72,64990
9,18,16,512,0,4,129,16.0,24,14,20,76,138999
9,16,16,512,0,4,134,14.0,11,12,16,66,74990
9,18,8,512,0,4,46,15.6,7,10,16,61,85990
9,16,16,512,0,4,134,14.0,11,12,16,65,73500
14,18,16,512,0,4,134,14.0,20,12,16,71,112990
14,109,16,512,0,4,69,15.6,7,8,16,76,109990
1,15,8,512,0,4,138,15.6,7,6,8,49,40990
3,11,16,512,0,4,46,15.6,7,6,12,73,76990
1,16,16,512,0,4,38,15.6,7,12,16,65,61990
6,65,8,512,0,4,100,15.6,7,8,16,67,57990
13,16,8,512,0,4,134,16.0,6,12,16,67,96490
6,43,8,512,0,4,96,14.0,7,6,12,67,52499
3,8,8,1000,0,4,43,15.6,7,4,8,61,67461
3,57,16,1000,0,4,93,13.4,8,8,16,75,144990
3,62,32,1000,0,4,82,14.0,16,8,16,87,199990
3,57,32,1000,0,4,49,13.4,8,8,16,82,164104
3,57,32,1000,0,4,49,13.4,28,8,16,84,175990
3,56,16,1000,0,4,69,15.6,15,8,16,84,144990
3,56,16,1000,0,4,69,15.6,15,8,16,84,156990
3,0,32,2000,0,4,10,16.0,28,8,16,93,396990
3,62,16,1000,0,4,89,15.6,15,8,16,84,199086
3,0,32,2000,0,4,10,16.0,8,8,16,91,361990
3,56,16,1000,0,4,81,14.0,16,8,16,80,159399
3,56,16,1000,0,4,69,15.6,15,8,16,84,148990
3,114,16,1000,0,4,49,16.0,16,8,16,82,151990
3,1,32,2000,0,4,69,16.0,8,8,16,86,224990
3,62,16,1000,0,4,86,15.6,15,8,16,86,189990
3,114,16,1000,0,4,69,16.0,16,8,16,82,171990
3,0,32,2000,0,4,10,16.0,16,8,16,91,391990
3,57,16,1000,0,4,93,13.4,8,8,16,73,111399
3,62,16,1000,0,4,88,15.6,15,8,16,86,188000
9,18,16,512,0,4,134,14.0,7,10,12,61,89990
6,16,8,512,0,4,134,16.0,8,10,12,59,87500
9,16,16,512,0,4,134,14.0,7,10,12,60,71990
3,18,16,512,0,4,121,14.0,20,14,20,75,134990
3,16,16,512,0,4,122,14.0,8,12,16,71,76990
9,10,8,512,0,4,123,15.6,7,2,4,61,43500
3,16,8,512,0,4,121,14.0,8,12,16,62,94500
9,10,8,512,0,4,123,15.6,7,2,4,57,43990
3,107,8,512,0,4,53,17.3,7,8,16,68,67990
14,12,32,1000,0,4,86,16.0,15,8,16,75,179790
3,24,8,512,0,4,123,14.0,7,2,4,55,41790
15,8,8,256,1000,4,59,15.6,7,6,12,66,58900
6,11,8,256,1000,4,123,15.6,7,4,8,56,62500
3,8,8,512,0,4,140,14.0,7,4,8,55,42990
14,11,8,512,0,4,46,15.6,7,4,8,63,64990
14,11,8,512,0,4,121,15.6,7,4,8,63,55990
6,10,8,512,0,4,140,14.0,7,4,8,51,68500
14,11,8,512,0,4,115,14.0,7,4,8,53,71999
15,100,16,512,0,4,83,15.6,7,6,12,68,85290
9,105,8,512,0,4,49,15.6,7,6,12,74,74990
9,98,16,512,0,4,96,14.0,7,6,12,61,50499
3,8,16,512,0,4,118,14.0,7,4,8,61,47990
6,10,8,256,0,4,140,14.0,3,2,4,47,42300
6,19,16,512,0,4,58,15.6,27,14,20,85,255000
9,108,16,512,0,4,96,14.0,7,8,16,62,57990
3,107,8,1000,0,4,46,17.3,7,8,16,74,86990
6,16,16,512,0,4,132,16.0,7,12,16,60,76990
14,108,16,512,0,4,91,13.3,7,8,16,62,84500
6,16,8,512,0,4,132,16.0,7,12,16,57,69800
3,91,4,256,0,4,112,14.0,3,4,4,41,25490
6,10,8,512,0,4,140,14.0,3,2,4,48,43490
6,16,16,512,0,4,134,13.4,28,12,16,66,140900
9,99,8,512,0,4,38,16.1,7,6,12,72,66490
9,10,8,512,0,4,123,15.6,7,2,4,59,44490
13,18,16,512,0,4,134,17.0,6,12,16,73,102990
13,16,8,512,0,4,134,17.0,6,12,16,69,87990
3,11,8,512,0,4,46,15.6,7,6,12,72,78990
15,18,16,1000,0,4,69,15.6,7,14,20,73,139990
9,16,8,512,0,4,134,14.0,7,10,12,59,69950
9,101,8,512,0,4,106,13.3,7,6,12,66,79990
13,18,16,512,0,4,134,14.0,1,12,16,71,93490
3,63,16,1000,0,4,46,17.3,15,8,16,79,181589
13,18,16,512,0,4,134,16.0,6,12,16,72,104590
3,107,16,512,0,4,55,15.6,0,8,16,68,78500
13,18,16,1000,0,4,134,17.0,6,12,16,74,119990
6,113,16,512,0,4,69,15.6,7,8,16,78,124990
6,103,8,512,0,4,46,15.6,7,6,12,67,81990
14,16,16,512,0,4,154,15.6,7,10,12,57,61490
15,18,16,1000,0,4,69,15.6,15,14,20,76,122000
15,18,32,2000,0,4,13,17.3,27,14,20,94,409066
6,113,16,512,0,4,49,15.6,7,8,16,78,105990
6,103,16,512,0,4,46,15.6,7,6,12,65,74990
6,113,16,512,0,4,46,15.6,7,8,16,78,98900
14,12,16,512,0,4,115,14.0,7,4,8,54,103990
15,12,16,1000,0,4,86,15.6,15,8,16,79,129990
9,18,16,512,0,4,129,13.5,22,10,12,74,124999
15,16,16,512,0,4,49,15.6,7,12,16,69,85990
15,16,16,512,0,4,49,15.6,7,12,16,69,76990
14,13,32,1000,0,4,64,15.6,7,8,16,88,259500
3,63,16,1000,0,4,87,17.3,15,8,16,79,188990
16,11,8,256,0,4,134,12.4,5,4,8,56,77324
6,15,8,512,0,4,134,14.0,8,6,8,65,62490
14,10,4,256,0,4,123,15.0,7,2,4,50,31999
9,44,8,512,0,4,46,16.1,7,6,12,67,84190
9,55,16,512,0,4,49,16.1,7,8,16,78,111500
9,52,8,512,0,4,46,16.1,7,8,16,74,78950
16,11,8,128,0,4,134,12.4,5,4,8,55,71990
1,10,8,256,0,4,121,14.0,7,2,4,54,41490
1,11,8,512,0,4,121,14.0,7,4,8,63,51990
1,10,8,512,0,4,121,14.0,7,2,4,56,45990
1,10,8,256,0,4,123,15.6,7,2,4,54,32800
1,11,8,256,1000,4,38,15.6,7,6,12,74,62999
1,11,16,512,0,4,121,14.0,7,4,8,65,57990
14,12,16,512,0,4,46,15.6,7,8,16,73,119990
14,10,8,512,0,4,140,15.6,7,0,0,0,36999
1,16,8,512,0,4,134,15.6,7,10,12,56,56699
6,65,8,512,0,4,100,15.6,7,8,16,67,58750
3,18,16,1000,0,4,46,17.3,7,14,20,80,114990
1,41,16,512,1000,4,69,15.6,15,6,12,79,129999
6,16,8,512,0,4,18,14.0,8,10,12,57,86990
3,18,16,512,0,4,131,15.6,7,14,20,63,84900
14,10,8,512,0,1,138,14.0,7,2,4,49,48000
3,58,16,1000,0,4,93,13.3,20,8,16,73,119990
3,45,16,512,0,4,93,13.3,20,6,12,71,99800
3,18,16,512,0,4,50,15.6,7,10,16,68,98990
14,9,8,512,0,4,38,15.6,7,6,12,72,74829
14,35,8,256,0,4,91,15.6,7,4,8,56,39500
3,16,16,512,0,4,121,14.0,7,12,16,63,62990
3,15,8,512,0,4,121,14.0,7,10,12,60,47990
3,20,16,1000,0,4,49,13.4,28,14,20,74,304980
3,20,16,1000,0,4,49,13.4,8,14,20,68,181990
3,18,16,512,0,4,46,13.4,8,14,20,73,150790
3,16,16,512,0,4,129,13.4,8,12,16,74,115390
3,18,16,1000,0,4,86,15.6,15,10,16,74,149990
3,20,16,1000,0,4,49,13.4,28,14,20,72,191990
3,18,16,512,0,4,46,15.6,7,10,16,68,87990
1,11,8,512,0,4,113,15.6,7,4,8,53,49994
15,12,16,1000,0,4,74,15.6,7,8,16,81,162000
12,8,8,512,0,4,126,14.0,7,4,8,49,42990
1,18,16,1000,0,4,69,15.6,15,14,20,78,155490
14,40,8,512,0,4,91,15.6,7,6,12,66,49990
14,10,4,256,0,1,138,14.0,7,2,4,44,42300
14,8,8,512,0,4,46,15.6,7,6,12,69,73847
3,117,16,1000,0,4,3,15.6,15,8,16,78,139990
3,18,16,1000,0,4,69,15.6,7,14,20,76,118990
12,7,8,256,0,4,126,14.0,7,2,4,45,32990
12,9,16,512,0,4,123,14.0,7,4,8,49,51990
3,12,16,1000,0,4,69,15.6,27,8,16,86,200000
6,19,32,1000,0,4,58,15.6,27,14,20,91,245000
6,68,8,256,0,4,96,15.6,3,2,2,47,35300
14,10,8,256,0,4,140,15.6,7,2,4,54,37990
9,18,16,1000,0,4,88,16.1,15,14,20,84,176490
3,92,8,256,0,4,94,15.6,7,2,4,48,33990
6,92,8,256,0,4,96,15.6,7,2,4,54,38890
3,113,16,1000,0,4,69,15.6,7,8,16,75,135960
9,18,16,1000,0,4,46,16.1,7,14,20,74,128999
3,113,16,512,0,4,46,17.3,7,8,16,67,88990
14,10,8,512,0,1,140,14.0,7,2,4,47,44799
3,10,8,512,0,4,126,15.6,7,2,4,57,39990
3,11,8,512,0,4,121,15.6,7,4,8,62,51990
3,16,16,512,0,4,46,17.3,7,12,16,68,94990
14,40,16,512,0,4,91,15.6,7,6,12,66,48790
3,107,16,512,0,4,46,17.3,7,8,16,69,84990
15,12,8,512,0,4,57,15.6,7,8,16,72,72985
15,16,16,1000,0,4,54,15.6,7,12,16,67,89544
15,11,8,512,0,4,57,15.6,7,6,12,71,63800
2,67,8,256,0,2,0,13.3,16,8,0,43,121990
9,16,8,512,0,4,122,15.6,7,12,16,59,61000
14,11,16,512,0,4,47,15.6,7,4,8,71,68990
9,11,8,512,0,4,46,16.1,7,6,12,71,67990
3,107,8,1000,0,4,55,15.6,0,8,16,62,85990
14,10,8,512,0,4,115,15.6,7,2,4,53,41999
3,18,16,1000,0,4,66,15.6,7,0,20,62,107498
9,12,16,512,0,4,71,16.1,7,8,16,73,104000
6,43,8,512,0,4,91,14.0,8,6,12,72,78203
1,13,16,1000,0,4,69,15.6,15,8,16,78,119990
6,54,16,512,0,4,91,14.0,8,8,16,73,89990
3,55,16,1000,0,4,69,17.3,15,8,16,69,134990
19,16,8,256,0,4,134,15.6,7,10,12,57,59990
9,16,16,512,0,4,136,14.0,7,10,12,62,69900
9,101,8,512,0,4,106,13.3,7,6,12,65,77990
9,8,8,512,0,4,38,15.6,7,4,8,71,60990
14,11,8,512,0,4,46,15.6,7,4,8,68,67000
9,16,8,512,0,4,117,14.0,7,10,12,55,62999
3,92,8,512,0,4,94,15.6,7,2,4,55,34990
6,11,8,512,0,4,126,15.6,7,4,8,54,52890
19,16,16,512,0,4,121,15.6,7,10,12,54,69990
3,113,16,1000,0,4,69,15.6,7,8,16,81,129990
3,11,8,512,0,4,121,15.6,7,4,8,61,53500
6,18,16,512,0,4,69,15.6,7,14,20,79,125990
14,8,8,512,0,4,38,15.6,7,4,8,67,63990
14,98,8,512,0,4,91,14.0,7,6,12,62,57990
6,11,16,512,0,4,46,15.6,7,6,12,69,101639
6,94,8,512,0,4,91,14.0,7,2,4,53,38990
6,11,8,512,0,4,17,15.6,7,4,8,67,65490
14,12,16,512,0,4,113,14.0,13,4,8,63,77490
6,11,8,512,0,4,46,15.6,7,6,12,67,66599
3,18,16,512,0,4,131,15.6,7,14,20,71,84700
14,7,8,512,0,4,113,15.6,7,2,4,53,37990
1,74,4,256,0,4,138,14.0,3,2,0,48,26600
14,73,8,256,0,4,124,15.6,3,2,2,53,27000
14,11,8,512,0,4,134,15.6,7,4,8,60,60494
14,10,8,512,0,4,123,15.6,7,2,4,59,39994
6,11,16,512,0,4,17,13.3,16,4,8,66,72620
3,18,16,512,0,4,134,14.0,20,14,20,72,81990
3,18,16,1000,0,4,132,14.0,20,14,20,75,116990
3,16,16,512,0,4,132,14.0,20,12,16,61,85990
14,11,8,512,0,4,113,15.6,7,4,8,60,53100
3,16,16,512,0,4,121,14.0,20,12,16,67,104390
3,20,32,1000,0,4,129,14.0,20,14,20,78,159990
14,11,16,512,0,4,134,14.0,7,4,8,65,69490
1,11,8,0,1000,4,123,15.6,7,4,8,56,62999
3,107,16,512,0,4,55,15.6,0,8,16,55,80990
1,80,4,256,0,4,125,15.6,3,4,0,49,23899
7,11,16,512,0,4,134,13.3,7,4,8,63,54990
14,10,8,256,0,4,148,15.6,7,0,0,0,32499
14,12,16,1000,0,4,61,15.6,7,8,16,76,146500
3,8,8,512,0,4,123,15.6,7,4,8,55,42990
7,12,16,1000,0,4,134,13.3,7,4,8,69,99990
14,7,8,512,0,4,140,14.0,7,2,4,53,37490
3,11,16,512,0,4,121,14.0,7,4,8,63,56990
9,109,16,512,0,4,69,16.1,7,8,16,76,104490
3,116,16,512,0,4,53,14.0,20,8,16,67,87500
9,102,16,512,0,4,93,14.0,7,6,12,60,61990
3,113,16,1000,0,4,69,15.6,7,8,16,69,114600
3,8,8,0,1000,4,140,14.0,7,4,8,54,41990
3,73,4,256,0,4,148,14.0,3,0,0,0,23990
9,112,16,512,0,4,93,14.0,7,8,16,59,78889
9,11,8,512,0,4,17,15.6,7,4,8,62,58990
3,113,16,1000,0,4,69,15.6,7,8,16,79,134490
3,74,4,128,0,4,148,11.6,3,2,0,44,22990
7,12,16,512,0,4,134,13.3,7,4,8,63,84990
3,74,4,128,0,4,140,11.6,3,2,0,45,22990
14,108,16,1000,0,4,93,13.3,7,8,16,68,92999
3,74,4,128,0,4,126,11.6,3,2,0,49,29990
3,20,32,1000,0,4,87,17.3,15,14,20,79,249990
